,wavelength,pacs160,pacs100,dnu
12960,13.48620033,0,1.00E-08,-7546017286
12961,13.49069881,0,1.00E-08,-7546017286
12962,13.49530125,0,1.00E-08,-7546017286
12963,13.49979973,0,1.00E-08,-7546017286
12964,13.50440025,0,1.00E-08,-7546017286
12965,13.50889874,0,1.00E-08,-7546017286
12966,13.51350117,0,1.00E-08,-7546017286
12967,13.51809883,0,1.00E-08,-7546017286
12968,13.52270126,0,1.00E-08,-7546017286
12969,13.52719975,0,1.00E-08,-7546017286
12970,13.53180027,0,1.00E-08,-7546017286
12971,13.53639984,0,1.00E-08,-7546017286
12972,13.54100037,0,1.00E-08,-7546017286
12973,13.54549885,0,1.00E-08,-7546017286
12974,13.55010033,0,1.00E-08,-7546017286
12975,13.55469894,0,1.00E-08,-7546017286
12976,13.55930042,0,1.00E-08,-7546017286
12977,13.56389904,0,1.00E-08,-7546017286
12978,13.56849957,0,1.00E-08,-7546017286
12979,13.57310104,0,1.00E-08,-7546017286
12980,13.57769966,0,1.00E-08,-7546017286
12981,13.58230114,0,1.00E-08,-7546017286
12982,13.58699989,0,1.00E-08,-7546017286
12983,13.59160042,0,1.00E-08,-7546017286
12984,13.59619999,0,2.00E-08,-7546017286
12985,13.60079956,0,2.00E-08,-7546017286
12986,13.60540009,0,2.00E-08,-7546017286
12987,13.61009884,0,2.00E-08,-7546017286
12988,13.61470127,0,2.00E-08,-7546017286
12989,13.61929893,0,2.00E-08,-7546017286
12990,13.6239996,0,2.00E-08,-7546017286
12991,13.62860012,0,2.00E-08,-7546017286
12992,13.63329887,0,2.00E-08,-7546017286
12993,13.63790035,0,2.00E-08,-7546017286
12994,13.64260006,0,2.00E-08,-7546017286
12995,13.64719963,0,2.00E-08,-7546017286
12996,13.65190125,0,2.00E-08,-7546017286
12997,13.65649891,0,3.00E-08,-7546017286
12998,13.66119957,0,3.00E-08,-7546017286
12999,13.66590118,0,3.00E-08,-7546017286
13000,13.67049885,0,3.00E-08,-7546017286
13001,13.67520046,0,3.00E-08,-7546017286
13002,13.67990112,0,3.00E-08,-7546017286
13003,13.68459988,0,3.00E-08,-7546017286
13004,13.68929958,0,3.00E-08,-7546017286
13005,13.69390106,0,3.00E-08,-7546017286
13006,13.69859982,0,3.00E-08,-7546017286
13007,13.70330048,0,3.00E-08,-7546017286
13008,13.70800018,0,3.00E-08,-7546017286
13009,13.71269894,0,3.00E-08,-7546017286
13010,13.7173996,0,3.00E-08,-7546017286
13011,13.72210121,0,4.00E-08,-7546017286
13012,13.72679996,0,4.00E-08,-7546017286
13013,13.73149967,0,4.00E-08,-7546017286
13014,13.73630047,0,4.00E-08,-7546017286
13015,13.74100018,0,4.00E-08,-7546017286
13016,13.74569893,0,4.00E-08,-7546017286
13017,13.75039959,0,4.00E-08,-7546017286
13018,13.75520039,0,4.00E-08,-7546017286
13019,13.75990105,0,4.00E-08,-7546017286
13020,13.7645998,0,4.00E-08,-7546017286
13021,13.76939964,0,4.00E-08,-7546017286
13022,13.77410126,0,4.00E-08,-7546017286
13023,13.77880001,0,4.00E-08,-7546017286
13024,13.78359985,0,4.00E-08,-7546017286
13025,13.78829956,0,4.00E-08,-7546017286
13026,13.79310036,0,4.00E-08,-7546017286
13027,13.79790115,0,4.00E-08,-7546017286
13028,13.80259991,0,4.00E-08,-7546017286
13029,13.80739975,0,5.00E-08,-7546017286
13030,13.81219959,0,5.00E-08,-7546017286
13031,13.81690121,0,5.00E-08,-7546017286
13032,13.82170105,0,5.00E-08,-7546017286
13033,13.82649899,0,5.00E-08,-7546017286
13034,13.83129883,0,5.00E-08,-7546017286
13035,13.83600044,0,5.00E-08,-7546017286
13036,13.84080029,0,5.00E-08,-7546017286
13037,13.84560013,0,5.00E-08,-7546017286
13038,13.85039997,0,5.00E-08,-7546017286
13039,13.85519981,0,5.00E-08,-7546017286
13040,13.85999966,0,5.00E-08,-7546017286
13041,13.86480045,0,5.00E-08,-7546017286
13042,13.8696003,0,5.00E-08,-7546017286
13043,13.87440014,0,5.00E-08,-7546017286
13044,13.87930107,0,5.00E-08,-7546017286
13045,13.88409901,0,5.00E-08,-7546017286
13046,13.88889885,0,5.00E-08,-7546017286
13047,13.89369965,0,5.00E-08,-7546017286
13048,13.89850044,0,5.00E-08,-7546017286
13049,13.90340042,0,5.00E-08,-7546017286
13050,13.90820026,0,5.00E-08,-7546017286
13051,13.91300011,0,5.00E-08,-7546017286
13052,13.91790104,0,5.00E-08,-7546017286
13053,13.92269897,0,5.00E-08,-7546017286
13054,13.92759991,0,5.00E-08,-7546017286
13055,13.93239975,0,5.00E-08,-7546017286
13056,13.93729877,0,5.00E-08,-7546017286
13057,13.94209957,0,5.00E-08,-7546017286
13058,13.94699955,0,5.00E-08,-7546017286
13059,13.95189953,0,6.00E-08,-7546017286
13060,13.95670033,0,6.00E-08,-7546017286
13061,13.9616003,0,6.00E-08,-7546017286
13062,13.96650124,0,6.00E-08,-7546017286
13063,13.97140026,0,6.00E-08,-7546017286
13064,13.9762001,0,6.00E-08,-7546017286
13065,13.98110104,0,6.00E-08,-7546017286
13066,13.98600006,0,6.00E-08,-7546017286
13067,13.99090099,0,6.00E-08,-7546017286
13068,13.99580002,0,6.00E-08,-7546017286
13069,14.00069904,0,6.00E-08,-7546017286
13070,14.00559998,0,6.00E-08,-7546017286
13071,14.010499,0,6.00E-08,-7546017286
13072,14.01539993,0,6.00E-08,-7546017286
13073,14.02029896,0,6.00E-08,-7546017286
13074,14.02519989,0,6.00E-08,-7546017286
13075,14.0302,0,6.00E-08,-7546017286
13076,14.03509903,0,6.00E-08,-7546017286
13077,14.03999996,0,6.00E-08,-7546017286
13078,14.04489899,0,6.00E-08,-7546017286
13079,14.04990101,0,6.00E-08,-7546017286
13080,14.05480003,0,6.00E-08,-7546017286
13081,14.05980015,0,5.00E-08,-7546017286
13082,14.06470108,0,5.00E-08,-7546017286
13083,14.06960011,0,5.00E-08,-7546017286
13084,14.07460022,0,5.00E-08,-7546017286
13085,14.07950115,0,5.00E-08,-7546017286
13086,14.08450127,0,5.00E-08,-7546017286
13087,14.08950043,0,5.00E-08,-7546017286
13088,14.09440041,0,5.00E-08,-7546017286
13089,14.09939957,0,5.00E-08,-7546017286
13090,14.10439968,0,5.00E-08,-7546017286
13091,14.10929966,0,6.00E-08,-7546017286
13092,14.11429882,0,5.00E-08,-7546017286
13093,14.11929893,0,5.00E-08,-7546017286
13094,14.12430096,0,5.00E-08,-7546017286
13095,14.12930107,0,5.00E-08,-7546017286
13096,14.13430119,0,5.00E-08,-7546017286
13097,14.13930035,0,5.00E-08,-7546017286
13098,14.14430046,0,5.00E-08,-7546017286
13099,14.14929962,0,5.00E-08,-7546017286
13100,14.15429878,0,5.00E-08,-7546017286
13101,14.1592989,0,5.00E-08,-7546017286
13102,14.16429901,0,5.00E-08,-7546017286
13103,14.16930103,0,5.00E-08,-7546017286
13104,14.17430115,0,5.00E-08,-7546017286
13105,14.17940044,0,5.00E-08,-7546017286
13106,14.1843996,0,5.00E-08,-7546017286
13107,14.18939972,0,5.00E-08,-7546017286
13108,14.19449902,0,5.00E-08,-7546017286
13109,14.19950104,0,5.00E-08,-7546017286
13110,14.20450115,0,5.00E-08,-7546017286
13111,14.20960045,0,5.00E-08,-7546017286
13112,14.21459961,0,5.00E-08,-7546017286
13113,14.21969891,0,5.00E-08,-7546017286
13114,14.22480011,0,5.00E-08,-7546017286
13115,14.22980022,0,5.00E-08,-7546017286
13116,14.23490047,0,5.00E-08,-7546017286
13117,14.23989964,0,5.00E-08,-7546017286
13118,14.24499989,0,5.00E-08,-7546017286
13119,14.25010109,0,5.00E-08,-7546017286
13120,14.25520039,0,5.00E-08,-7546017286
13121,14.26019955,0,5.00E-08,-7546017286
13122,14.26529884,0,5.00E-08,-7546017286
13123,14.27040005,0,5.00E-08,-7546017286
13124,14.27550125,0,5.00E-08,-7546017286
13125,14.28059959,0,5.00E-08,-7546017286
13126,14.28569889,0,5.00E-08,-7546017286
13127,14.29080009,0,5.00E-08,-7546017286
13128,14.29590034,0,5.00E-08,-7546017286
13129,14.30099964,0,5.00E-08,-7546017286
13130,14.30620003,0,5.00E-08,-7546017286
13131,14.31130123,0,5.00E-08,-7546017286
13132,14.31639957,0,5.00E-08,-7546017286
13133,14.32149887,0,5.00E-08,-7546017286
13134,14.32660007,0,5.00E-08,-7546017286
13135,14.33180046,0,5.00E-08,-7546017286
13136,14.3368988,0,5.00E-08,-7546017286
13137,14.3421011,0,5.00E-08,-7546017286
13138,14.34720039,0,5.00E-08,-7546017286
13139,14.35239983,0,5.00E-08,-7546017286
13140,14.35750103,0,5.00E-08,-7546017286
13141,14.36270046,0,5.00E-08,-7546017286
13142,14.36779976,0,5.00E-08,-7546017286
13143,14.37300014,0,5.00E-08,-7546017286
13144,14.3781004,0,5.00E-08,-7546017286
13145,14.38329887,0,5.00E-08,-7546017286
13146,14.38850117,0,5.00E-08,-7546017286
13147,14.39369965,0,5.00E-08,-7546017286
13148,14.3987999,0,5.00E-08,-7546017286
13149,14.40400028,0,5.00E-08,-7546017286
13150,14.40919971,0,5.00E-08,-7546017286
13151,14.4144001,0,5.00E-08,-7546017286
13152,14.41959953,0,5.00E-08,-7546017286
13153,14.42479992,0,4.00E-08,-7546017286
13154,14.43000031,0,4.00E-08,-7546017286
13155,14.43519974,0,4.00E-08,-7546017286
13156,14.44040012,0,4.00E-08,-7546017286
13157,14.44559956,0,4.00E-08,-7546017286
13158,14.45090103,0,4.00E-08,-7546017286
13159,14.45610046,0,4.00E-08,-7546017286
13160,14.46129894,0,4.00E-08,-7546017286
13161,14.46650124,0,4.00E-08,-7546017286
13162,14.47179985,0,4.00E-08,-7546017286
13163,14.47700024,0,4.00E-08,-7546017286
13164,14.48229885,0,4.00E-08,-7546017286
13165,14.48750114,0,4.00E-08,-7546017286
13166,14.49279976,0,4.00E-08,-7546017286
13167,14.49800014,0,4.00E-08,-7546017286
13168,14.50329876,0,3.00E-08,-7546017286
13169,14.50850105,0,3.00E-08,-7546017286
13170,14.51379967,0,3.00E-08,-7546017286
13171,14.51910114,0,3.00E-08,-7546017286
13172,14.52429962,0,3.00E-08,-7546017286
13173,14.52960014,0,3.00E-08,-7546017286
13174,14.53489876,0,3.00E-08,-7546017286
13175,14.54020023,0,3.00E-08,-7546017286
13176,14.54549885,0,3.00E-08,-7546017286
13177,14.55070114,0,3.00E-08,-7546017286
13178,14.55599976,0,3.00E-08,-7546017286
13179,14.56130123,0,3.00E-08,-7546017286
13180,14.56659985,0,3.00E-08,-7546017286
13181,14.57190037,0,3.00E-08,-7546017286
13182,14.57730103,0,2.00E-08,-7546017286
13183,14.58259964,0,2.00E-08,-7546017286
13184,14.58790112,0,2.00E-08,-7546017286
13185,14.59319973,0,2.00E-08,-7546017286
13186,14.59850121,0,2.00E-08,-7546017286
13187,14.603899,0,2.00E-08,-7546017286
13188,14.60919952,0,2.00E-08,-7546017286
13189,14.614501,0,2.00E-08,-7546017286
13190,14.6198988,0,2.00E-08,-7546017286
13191,14.62520027,0,2.00E-08,-7546017286
13192,14.63059998,0,2.00E-08,-7546017286
13193,14.63589954,0,2.00E-08,-7546017286
13194,14.64130116,0,2.00E-08,-7546017286
13195,14.64659977,0,2.00E-08,-7546017286
13196,14.65200043,0,2.00E-08,-7546017286
13197,14.65740013,0,2.00E-08,-7546017286
13198,14.66279984,0,2.00E-08,-7546017286
13199,14.66810036,0,2.00E-08,-7546017286
13200,14.67350101,0,2.00E-08,-7546017286
13201,14.67889881,0,2.00E-08,-7546017286
13202,14.68430042,0,2.00E-08,-7546017286
13203,14.68970108,0,2.00E-08,-7546017286
13204,14.69509888,0,1.00E-08,-7546017286
13205,14.70049953,0,1.00E-08,-7546017286
13206,14.70590115,0,1.00E-08,-7546017286
13207,14.71129894,0,1.00E-08,-7546017286
13208,14.7166996,0,1.00E-08,-7546017286
13209,14.72210121,0,1.00E-08,-7546017286
13210,14.72749901,0,1.00E-08,-7546017286
13211,14.7329998,0,1.00E-08,-7546017286
13212,14.73840046,0,1.00E-08,-7546017286
13213,14.74380016,0,1.00E-08,-7546017286
13214,14.74930096,0,1.00E-08,-7546017286
13215,14.75469875,0,1.00E-08,-7546017286
13216,14.76010036,0,1.00E-08,-7546017286
13217,14.7656002,0,1.00E-08,-7546017286
13218,14.77099991,0,1.00E-08,-7546017286
13219,14.77649879,0,1.00E-08,-7546017286
13220,14.78199959,0,1.00E-08,-7546017286
13221,14.78740025,0,1.00E-08,-7546017286
13222,14.79290104,0,1.00E-08,-7546017286
13223,14.79839993,0,1.00E-08,-7546017286
13224,14.80379963,0,1.00E-08,-7546017286
13225,14.80930042,0,1.00E-08,-7546017286
13226,14.81480026,0,1.00E-08,-7546017286
13227,14.82030106,0,1.00E-08,-7546017286
13228,14.82579994,0,1.00E-08,-7546017286
13229,14.83129883,0,1.00E-08,-7546017286
13230,14.83679962,0,1.00E-08,-7546017286
13231,14.84230042,0,1.00E-08,-7546017286
13232,14.84780025,0,1.00E-08,-7546017286
13233,14.85330105,0,1.00E-08,-7546017286
13234,14.85879993,0,1.00E-08,-7546017286
13235,14.86439991,0,1.00E-08,-7546017286
13236,14.8698988,0,1.00E-08,-7546017286
13237,14.87539959,0,1.00E-08,-7546017286
13238,14.88099957,0,1.00E-08,-7546017286
13239,14.88650036,0,1.00E-08,-7546017286
13240,14.8920002,0,1.00E-08,-7546017286
13241,14.89760017,0,1.00E-08,-7546017286
13242,14.90310097,0,1.00E-08,-7546017286
13243,14.90869904,0,1.00E-08,-7546017286
13244,14.91419983,0,1.00E-08,-7546017286
14357,25.60820007,0,1.00E-08,-7546017286
14358,25.62459946,0,1.00E-08,-7546017286
14359,25.64100075,0,1.00E-08,-7546017286
14360,25.65749931,0,1.00E-08,-7546017286
14361,25.6739006,0,1.00E-08,-7546017286
14362,25.69039917,0,1.00E-08,-7546017286
14363,25.70689964,0,1.00E-08,-7546017286
14364,25.7234993,0,1.00E-08,-7546017286
14365,25.73999977,0,1.00E-08,-7546017286
14366,25.75659943,0,1.00E-08,-7546017286
14367,25.77319908,0,1.00E-08,-7546017286
14368,25.78980064,0,1.00E-08,-7546017286
14369,25.80649948,0,1.00E-08,-7546017286
14370,25.82309914,0,1.00E-08,-7546017286
14371,25.83979988,0,1.00E-08,-7546017286
14372,25.85650063,0,1.00E-08,-7546017286
14373,25.87319946,0,1.00E-08,-7546017286
14651,31.54570007,0,1.00E-08,-7546017286
14652,31.57060242,0,1.20E-07,-7546017286
14653,31.59560013,0,3.30E-07,-7546017286
14654,31.62059784,0,4.30E-07,-7546017286
14655,31.64559937,0,3.60E-07,-7546017286
14656,31.67060089,0,1.90E-07,-7546017286
15085,48.95959854,0,1.00E-08,-7546017286
15086,49.01959991,0,1.00E-08,-7546017286
15087,49.07979965,0,1.00E-08,-7546017286
15088,49.13999939,0,1.00E-08,-7546017286
15089,49.20050049,0,1.00E-08,-7546017286
15090,49.26110077,0,2.00E-08,-7546017286
15091,49.32180023,0,2.00E-08,-7546017286
15092,49.38270187,0,2.00E-08,-7546017286
15093,49.44380188,0,3.00E-08,-7546017286
15094,49.50500107,0,3.00E-08,-7546017286
15095,49.56629944,0,2.00E-08,-7546017286
15096,49.62779999,0,3.00E-08,-7546017286
15097,49.68939972,0,2.00E-08,-7546017286
15098,49.75120163,0,2.00E-08,-7546017286
15099,49.8132019,0,3.00E-08,-7546017286
15100,49.87530136,0,4.00E-08,-7546017286
15101,49.93759918,0,6.00E-08,-7546017286
15102,50,0,1.00E-07,-7546017286
15103,50.06259918,0,1.40E-07,-7546017286
15104,50.12530136,0,1.90E-07,-7546017286
15105,50.1882019,0,2.50E-07,-7546017286
15106,50.25130081,0,2.80E-07,-7546017286
15107,50.3144989,0,2.80E-07,-7546017286
15108,50.37779999,0,3.00E-07,-7546017286
15109,50.44139862,0,2.90E-07,-7546017286
15110,50.50510025,0,2.70E-07,-7546017286
15111,50.56890106,0,2.60E-07,-7546017286
15112,50.63290024,0,1.80E-07,-7546017286
15113,50.69710159,0,1.20E-07,-7546017286
15114,50.76139832,0,3.10E-07,-7546017286
15115,50.82590103,0,6.00E-07,-7546017286
15116,50.8905983,0,8.80E-07,-7546017286
15117,50.95539856,0,1.29E-06,-7546017286
15118,51.020401,0,1.53E-06,-7546017286
15119,51.08560181,0,1.53E-06,-7546017286
15120,51.15090179,0,1.66E-06,-7546017286
15121,51.21640015,0,1.76E-06,-7546017286
15122,51.28210068,0,1.54E-06,-7546017286
15123,51.34790039,0,1.54E-06,-7546017286
15124,51.41389847,0,1.65E-06,-7546017286
15125,51.48009872,0,1.46E-06,-7546017286
15126,51.54639816,0,1.78E-06,-7546017286
15127,51.61289978,0,2.56E-06,-7546017286
15128,51.67959976,0,2.81E-06,-7546017286
15129,51.74639893,0,3.13E-06,-7546017286
15130,51.81349945,0,3.74E-06,-7546017286
15131,51.88069916,0,3.55E-06,-7546017286
15132,51.94810104,0,3.43E-06,-7546017286
15133,52.0155983,0,4.21E-06,-7546017286
15134,52.08330154,0,4.59E-06,-7546017286
15135,52.15119934,0,5.00E-06,-7546017286
15136,52.21929932,0,6.20E-06,-7546017286
15137,52.28760147,0,6.62E-06,-7546017286
15138,52.35599899,0,6.74E-06,-7546017286
15139,52.49340057,0,7.55E-06,-7546017286
15140,52.56240082,0,5.93E-06,-7546017286
15141,52.63159943,0,5.40E-06,-7546017286
15142,52.70090103,0,4.94E-06,-7546017286
15143,52.770401,0,4.17E-06,-7546017286
15144,52.84019852,0,5.14E-06,-7546017286
15145,52.91009903,0,5.69E-06,-7546017286
15146,52.98009872,0,4.13E-06,-7546017286
15147,53.05039978,0,3.42E-06,-7546017286
15148,53.12080002,0,3.40E-06,-7546017286
15149,53.19150162,0,2.51E-06,-7546017286
15150,53.26229858,0,2.74E-06,-7546017286
15151,53.33330154,0,3.72E-06,-7546017286
15152,53.40449905,0,3.71E-06,-7546017286
15153,53.47589874,0,3.89E-06,-7546017286
15154,53.54750061,0,4.67E-06,-7546017286
15155,53.61930084,0,3.99E-06,-7546017286
15156,53.69130325,0,2.90E-06,-7546017286
15157,53.76339722,0,3.07E-06,-7546017286
15158,53.83580017,0,3.25E-06,-7546017286
15159,53.90840149,0,3.26E-06,-7546017286
15160,53.98110199,0,4.14E-06,-7546017286
15161,54.05410004,0,4.69E-06,-7546017286
15162,54.12720108,0,4.42E-06,-7546017286
15163,54.20050049,0,4.80E-06,-7546017286
15164,54.27409744,0,4.89E-06,-7546017286
15165,54.34780121,0,3.69E-06,-7546017286
15166,54.42179871,0,3.34E-06,-7546017286
15167,54.4958992,0,3.82E-06,-7546017286
15168,54.57030487,0,4.01E-06,-7546017286
15169,54.64479828,0,6.60E-06,-7546017286
15170,54.71960449,0,1.07E-05,-7546017286
15171,54.79449463,0,1.19E-05,-7546017286
15172,54.86970139,0,1.24E-05,-7546017286
15173,54.94510269,0,1.31E-05,-7546017286
15174,55.02060318,0,1.04E-05,-7546017286
15175,55.09640503,1.00E-08,8.09E-06,-7546017286
15176,55.17240143,1.00E-08,1.04E-05,-7546017286
15177,55.24860001,1.00E-08,1.28E-05,-7546017286
15178,55.32499695,2.00E-08,1.86E-05,-7546017286
15179,55.40169525,2.00E-08,3.17E-05,-7546017286
15180,55.47850418,1.00E-08,4.18E-05,-7546017286
15181,55.5555954,3.00E-08,4.89E-05,-7546017286
15182,55.63280106,4.00E-08,5.96E-05,-7546017286
15183,55.71029663,4.00E-08,5.87E-05,-7546017286
15184,55.7879982,5.00E-08,4.13E-05,-7546017286
15185,55.86590195,7.00E-08,2.64E-05,-7546017286
15186,55.94410324,7.00E-08,1.29E-05,-7546017286
15187,56.0223999,1.00E-07,8.30E-07,-7546017286
15188,56.10100555,1.40E-07,8.09E-06,-7546017286
15189,56.17979431,1.50E-07,3.31E-05,-7546017286
15190,56.25880432,1.50E-07,5.24E-05,-7546017286
15191,56.33800507,1.60E-07,7.52E-05,-7546017286
15192,56.41749573,1.30E-07,9.73E-05,-7546017286
15193,56.49720383,1.10E-07,9.50E-05,-7546017286
15194,56.57710266,1.10E-07,8.96E-05,-7546017286
15195,56.65719604,8.00E-08,8.65E-05,-7546017286
15196,56.73759842,4.00E-08,5.86E-05,-7546017286
15197,56.81820297,3.00E-08,3.56E-05,-7546017286
15198,56.89899445,1.00E-08,3.91E-05,-7546017286
15199,56.98009491,0,2.94E-05,-7546017286
15200,57.06129837,0,1.29E-05,-7546017286
15201,57.14289856,0,2.04E-05,-7546017286
15202,57.22460175,0,2.77E-05,-7546017286
15203,57.30659866,0,3.17E-05,-7546017286
15204,57.38880157,0,5.01E-05,-7546017286
15205,57.4712944,0,5.15E-05,-7546017286
15206,57.55400467,1.00E-08,3.74E-05,-7546017286
15207,57.63690186,1.00E-08,5.15E-05,-7546017286
15208,57.72010422,2.00E-08,6.64E-05,-7546017286
15209,57.80350113,2.00E-08,5.63E-05,-7546017286
15210,57.88709641,2.00E-08,6.26E-05,-7546017286
15211,57.97100067,2.00E-08,8.77E-05,-7546017286
15212,58.05519867,2.00E-08,0.00012209,-7546017286
15213,58.13949966,2.00E-08,0.00019412,-7546017286
15214,58.22419739,2.00E-08,0.00027256,-7546017286
15215,58.30899811,2.00E-08,0.00029714,-7546017286
15216,58.39420319,1.00E-08,0.00029164,-7546017286
15217,58.47949982,1.00E-08,0.000289,-7546017286
15218,58.56520462,1.00E-08,0.00027978,-7546017286
15219,58.65100098,1.00E-08,0.00027034,-7546017286
15220,58.73720169,1.00E-08,0.00025326,-7546017286
15221,58.82350159,1.00E-08,0.00021611,-7546017286
15222,58.9101944,1.00E-08,0.00019521,-7546017286
15223,58.99710083,1.00E-08,0.00020067,-7546017286
15224,59.08420563,0,0.00019513,-7546017286
15225,59.17160416,0,0.00017182,-7546017286
15226,59.25930405,0,0.000152,-7546017286
15227,59.34719849,0,0.00015605,-7546017286
15228,59.4353981,0,0.00018727,-7546017286
15229,59.5237999,0,0.00021582,-7546017286
15230,59.61249924,0,0.00021023,-7546017286
15231,59.70149612,0,0.00019125,-7546017286
15232,59.79069901,0,0.00018947,-7546017286
15233,59.88019943,0,0.00020589,-7546017286
15234,59.97000504,0,0.00021997,-7546017286
15235,60.06010056,0,0.00019996,-7546017286
15236,60.15039825,0,0.00017051,-7546017286
15237,60.24099731,0,0.0001912,-7546017286
15238,60.33180237,0,0.00022073,-7546017286
15239,60.42300034,0,0.00021079,-7546017286
15240,60.51440048,0,0.00019793,-7546017286
15241,60.60609818,0,0.00018962,-7546017286
15242,60.69800186,0,0.00020543,-7546017286
15243,60.79029846,0,0.00032725,-7546017286
15244,60.88280487,0,0.0004906,-7546017286
15245,60.97560501,0,0.00057578,-7546017286
15246,61.06869888,0,0.00062308,-7546017286
15247,61.16209793,0,0.00062355,-7546017286
15248,61.25569916,0,0.00050343,-7546017286
15249,61.34970093,0,0.00037095,-7546017286
15250,61.44390488,0,0.00027725,-7546017286
15251,61.53850174,0,0.00015112,-7546017286
15252,61.63330078,0,0.00011638,-7546017286
15253,61.728405,0,0.00019352,-7546017286
15254,61.82380295,0,0.00017793,-7546017286
15255,61.91950226,0,0.00014039,-7546017286
15256,62.01549911,0,0.00022324,-7546017286
15257,62.11180115,0,0.00025831,-7546017286
15258,62.20840454,0,0.00025937,-7546017286
15259,62.30529785,0,0.00036755,-7546017286
15260,62.40250397,0,0.00039415,-7546017286
15261,62.5,0,0.00034433,-7546017286
15262,62.59779739,0,0.00041374,-7546017286
15263,62.69589615,1.00E-08,0.0005062,-7546017286
15264,62.79429626,1.00E-08,0.00047943,-7546017286
15265,62.89310074,1.00E-08,0.00054699,-7546017286
15266,62.99210358,1.00E-08,0.0005931,-7546017286
15267,63.09149933,1.00E-08,0.00047937,-7546017286
15268,63.19120026,1.00E-08,0.00050453,-7546017286
15269,63.29109573,1.00E-08,0.00055742,-7546017286
15270,63.39139938,1.00E-08,0.00036437,-7546017286
15271,63.49210358,1.00E-08,0.00026265,-7546017286
15272,63.5929985,0,0.0003331,-7546017286
15273,63.69430542,0,0.00023771,-7546017286
15274,63.79589844,0,0.0002279,-7546017286
15275,63.89779663,0,0.00042884,-7546017286
15276,64,0,0.00041226,-7546017286
15277,64.1026001,0,0.00035777,-7546017286
15278,64.20549774,0,0.00054213,-7546017286
15279,64.30870056,0,0.00053693,-7546017286
15280,64.41220093,0,0.00043144,-7546017286
15281,64.51609802,0,0.00057118,-7546017286
15282,64.62039948,0,0.00052897,-7546017286
15283,64.72489929,0,0.00032637,-7546017286
15284,64.82980347,0,0.0004184,-7546017286
15285,64.93509674,0,0.00036861,-7546017286
15286,65.04060364,0,5.98E-05,-7546017286
15287,65.14659882,0,0.00016475,-7546017286
15288,65.25289917,0,0.00038953,-7546017286
15289,65.35949707,0,0.00028246,-7546017286
15290,65.46640015,0,0.00038264,-7546017286
15291,65.57379913,0,0.00059997,-7546017286
15292,65.68139648,0,0.00041652,-7546017286
15293,65.78949738,0,0.00037095,-7546017286
15294,65.89790344,0,0.00060895,-7546017286
15295,66.00659943,0,0.00052152,-7546017286
15296,66.11569977,0,0.00046092,-7546017286
15297,66.22519684,0,0.00064822,-7546017286
15298,66.33499908,0,0.00051589,-7546017286
15299,66.44519806,0,0.00019766,-7546017286
15300,66.55570221,0,0.00032219,-7546017286
15301,66.66670227,0,0.00024643,-7546017286
15302,66.77799988,0,2.26E-05,-7546017286
15303,66.88960266,0,0.00018038,-7546017286
15304,67.00170135,0,0.00029204,-7546017286
15305,67.1140976,0,1.74E-05,-7546017286
15306,67.22689819,0,0.00012827,-7546017286
15307,67.34010315,0,0.00032209,-7546017286
15308,67.45359802,0,2.20E-05,-7546017286
15309,67.56759644,0,0.00014662,-7546017286
15310,67.79660034,0,6.67E-05,-7546017286
15311,67.91169739,0,7.80E-05,-7546017286
15312,68.02719879,0,0.00037214,-7546017286
15313,68.14309692,0,7.77E-05,-7546017286
15314,68.37609863,0,0.00020852,-7546017286
15315,68.49310303,0,7.24E-05,-7546017286
15316,68.61060333,0,6.57E-05,-7546017286
15317,68.72850037,0,0.00022404,-7546017286
15318,68.84680176,0,0.00010943,-7546017286
15319,68.96549988,0,6.41E-05,-7546017286
15320,69.08460236,0,0.00052553,-7546017286
15321,69.20420074,0,0.00041454,-7546017286
15322,69.32409668,0,0.00029951,-7546017286
15323,69.44439697,0,0.00074173,-7546017286
15324,69.56520081,0,0.00055584,-7546017286
15325,69.68640137,0,0.00020496,-7546017286
15326,69.80799866,0,0.00055585,-7546017286
15327,69.93009949,0,0.00030511,-7546017286
15328,70.05249786,0,8.17E-05,-7546017286
15329,70.17539978,0,0.00020673,-7546017286
15330,70.29879761,0,0.00022707,-7546017286
15331,70.42250061,0,3.80E-05,-7546017286
15332,70.54669952,0,0.0003237,-7546017286
15333,70.67140198,0,0.00067768,-7546017286
15334,70.79650116,0,0.00028141,-7546017286
15335,70.92199707,0,0.00060039,-7546017286
15336,71.68460083,0,0.00088049,-7546017286
15337,71.81330109,0,0.00137865,-7546017286
15338,71.94239807,0,0.00092969,-7546017286
15339,72.07209778,0,0.00053635,-7546017286
15340,72.20220184,0,0.00093976,-7546017286
15341,72.33270264,0,0.0005666,-7546017286
15342,72.46379852,0,0.00013157,-7546017286
15343,72.59529877,0,0.00062056,-7546017286
15344,72.72730255,0,0.00033404,-7546017286
15345,72.85970306,0,6.65E-05,-7546017286
15346,72.99269867,0,7.18E-05,-7546017286
15347,73.12609863,0,0.00019846,-7546017286
15348,73.26010132,0,1.01E-05,-7546017286
15349,73.39450073,0,2.50E-05,-7546017286
15350,73.52940369,0,0.00010569,-7546017286
15351,73.66480255,0,2.17E-05,-7546017286
15352,73.80069733,0,9.14E-05,-7546017286
15353,73.93720245,0,1.73E-05,-7546017286
15354,74.21150208,0,0.00035674,-7546017286
15355,74.34940338,0,0.00019632,-7546017286
15356,74.48789978,0,0.00022349,-7546017286
15357,74.62689972,0,0.00042985,-7546017286
15358,74.7664032,0,0.00019533,-7546017286
15359,74.90640259,0,5.68E-05,-7546017286
15360,75.04689789,0,0.00015203,-7546017286
15361,75.18800354,0,2.64E-05,-7546017286
15362,75.32959747,0,1.39E-05,-7546017286
15363,75.61440277,0,0.00020281,-7546017286
15364,75.75759888,0,0.00019666,-7546017286
15365,75.90129852,0,0.00085319,-7546017286
15366,76.04560089,0,0.00051618,-7546017286
15367,76.19049835,0,0.00013243,-7546017286
15368,76.33589935,0,0.00087785,-7546017286
15369,76.48179626,0,0.00059763,-7546017286
15370,76.62830353,0,0.00014841,-7546017286
15371,76.77539825,0,0.001077,-7546017286
15372,76.92310333,0,0.00107757,-7546017286
15373,77.07129669,0,0.00050576,-7546017286
15374,77.2201004,0,0.00146602,-7546017286
15375,77.36940002,0,0.00187287,-7546017286
15376,77.51940155,0,0.0012279,-7546017286
15377,77.66989899,0,0.00201758,-7546017286
15378,77.82099915,0,0.00263618,-7546017286
15379,77.97270203,0,0.00188691,-7546017286
15380,78.125,0,0.00248817,-7546017286
15381,78.2779007,0,0.00343843,-7546017286
15382,78.43139648,0,0.00281022,-7546017286
15383,78.58550262,0,0.00320552,-7546017286
15384,78.74019623,0,0.00447173,-7546017286
15385,78.89550018,0,0.00439539,-7546017286
15386,79.05139923,0,0.00517591,-7546017286
15387,79.207901,0,0.00716061,-7546017286
15388,79.36509705,0,0.00761961,-7546017286
15389,79.52290344,0,0.0083747,-7546017286
15390,79.6812973,0,0.0105813,-7546017286
15391,79.84030151,0,0.0114142,-7546017286
15392,80,0,0.0122284,-7546017286
15393,80.16030121,0,0.0148922,-7546017286
15394,80.32129669,0,0.0165573,-7546017286
15395,80.48290253,0,0.0180259,-7546017286
15396,80.64520264,0,0.0219115,-7546017286
15397,80.80809784,0,0.0254878,-7546017286
15398,80.97170258,0,0.0281046,-7546017286
15399,81.1359024,0,0.0329856,-7546017286
15400,81.30079651,0,0.0391302,-7546017286
15401,81.46640015,0,0.0450417,-7546017286
15402,81.63269806,0,0.0518642,-7546017286
15403,81.79959869,0,0.0589551,-7546017286
15404,81.96720123,0,0.066848,-7546017286
15405,82.13549805,0,0.0767671,-7546017286
15406,82.30449677,0,0.0874425,-7546017286
15407,82.47419739,0,0.10078,-7546017286
15408,82.64459991,0,0.115714,-7546017286
15409,82.81569672,0,0.131404,-7546017286
15410,82.98750305,0,0.149148,-7546017286
15411,83.16010284,0,0.167954,-7546017286
15412,83.33329773,0,0.186327,-7546017286
15413,83.50730133,0,0.205672,-7546017286
15414,83.68199921,0,0.225335,-7546017286
15415,83.85739899,0,0.242845,-7546017286
15416,84.03359985,0,0.25958899,-7546017286
15417,84.21050262,0,0.26947799,-7546017286
15418,84.38819885,0,0.28338301,-7546017286
15419,84.56659698,0,0.296556,-7546017286
15420,84.7457962,0,0.31072,-7546017286
15421,84.92569733,0,0.32531399,-7546017286
15422,85.10639954,0,0.34153101,-7546017286
15423,85.28780365,0,0.35937899,-7546017286
15424,85.4701004,0,0.376443,-7546017286
15425,85.65309906,0,0.39281699,-7546017286
15426,85.8368988,0,0.40865001,-7546017286
15427,86.02149963,0,0.420221,-7546017286
15428,86.20690155,0,0.42962399,-7546017286
15429,86.39309692,0,0.437686,-7546017286
15430,86.58010101,0,0.44207799,-7546017286
15431,86.76789856,0,0.44365403,-7546017286
15432,86.95649719,0,0.44466099,-7546017286
15433,87.14600372,0,0.44394699,-7546017286
15434,87.3361969,0,0.44148901,-7546017286
15435,87.52739716,0,0.43945301,-7546017286
15436,87.71929932,0,0.43698499,-7546017286
15437,87.91210175,0,0.433433,-7546017286
15438,88.10569763,0,0.43101096,-7546017286
15439,88.30020142,0,0.428992,-7546017286
15440,88.49559784,0,0.425648,-7546017286
15441,88.69180298,0,0.42288199,-7546017286
15442,88.88890076,0,0.42048299,-7546017286
15443,89.0868988,0,0.416628,-7546017286
15444,89.28569794,0,0.41242301,-7546017286
15445,89.48549652,0,0.409785,-7546017286
15446,89.68609619,0,0.406396,-7546017286
15447,89.88760376,0,0.40397599,-7546017286
15448,90.09010315,0,0.404834,-7546017286
15449,90.29350281,0,0.407556,-7546017286
15450,90.49770355,0,0.41273299,-7546017286
15451,90.70290375,0,0.42129299,-7546017286
15452,90.90910339,0,0.429533,-7546017286
15453,91.11620331,0,0.43793499,-7546017286
15454,91.32420349,0,0.449141,-7546017286
15455,91.53320312,0,0.46035099,-7546017286
15456,91.74310303,0,0.47035199,-7546017286
15457,91.95400238,0,0.48168799,-7546017286
15458,92.16590118,0,0.49260899,-7546017286
15459,92.37879944,0,0.50215298,-7546017286
15460,92.59259796,0,0.512986,-7546017286
15461,92.80740356,0,0.52349299,-7546017286
15462,93.02330017,0,0.53169203,-7546017286
15463,93.24009705,0,0.54063302,-7546017286
15464,93.457901,0,0.549775,-7546017286
15465,93.67680359,0,0.55576402,-7546017286
15466,93.896698,0,0.56106794,-7546017286
15467,94.11759949,0,0.56594199,-7546017286
15468,94.33959961,0,0.56745201,-7546017286
15469,94.56259918,0,0.56815702,-7546017286
15470,94.78669739,0,0.570508,-7546017286
15471,95.01190186,0,0.57161599,-7546017286
15472,95.23809814,0,0.57301903,-7546017286
15473,95.4654007,0,0.57577997,-7546017286
15474,95.69380188,0,0.57636702,-7546017286
15475,95.9233017,0,0.57573903,-7546017286
15476,96.15380096,0,0.57861,-7546017286
15477,96.38549805,0,0.58024597,-7546017286
15478,96.61840057,0,0.57896602,-7546017286
15479,96.85230255,0,0.58003801,-7546017286
15480,97.08740234,0,0.58121902,-7546017286
15481,97.32360077,0,0.58018398,-7546017286
15482,97.56099701,0,0.58117199,-7546017286
15483,97.79949951,0,0.58252603,-7546017286
15484,98.03919983,0,0.581595,-7546017286
15485,98.76540375,0,0.57895201,-7546017286
15486,99.00990295,0,0.57516903,-7546017286
15487,99.25559998,0,0.57110798,-7546017286
15488,99.50250244,0,0.56364,-7546017286
15489,99.75060272,0,0.55684602,-7546017286
15490,100,0,0.55362701,-7546017286
15491,100.2509995,0,0.54926902,-7546017286
15492,100.5029984,0,0.54414701,-7546017286
15493,100.7559967,0,0.54043102,-7546017286
15494,101.0100021,0,0.53398103,-7546017286
15495,101.2659988,0,0.52784401,-7546017286
15496,101.5230026,0,0.52594501,-7546017286
15497,101.7809982,0,0.524405,-7546017286
15498,102.0410004,0,0.520724,-7546017286
15499,102.302002,0,0.51907402,-7546017286
15500,102.564003,0,0.51768798,-7546017286
15501,102.8280029,0,0.51460803,-7546017286
15502,103.0930023,0,0.51393098,-7546017286
15503,103.3590012,0,0.51378298,-7546017286
15504,103.6269989,0,0.51080197,-7546017286
15505,103.8960037,0,0.50716901,-7546017286
15506,104.1669998,0,0.50225598,-7546017286
15507,104.439003,0,0.49441001,-7546017286
15508,104.711998,0,0.48783499,-7546017286
15509,104.9869995,0,0.482584,-7546017286
15510,105.2630005,1.00E-08,0.47337201,-7546017286
15511,105.5410004,2.00E-08,0.46371901,-7546017286
15512,105.8199997,4.00E-08,0.460195,-7546017286
15513,106.1009979,7.00E-08,0.455217,-7546017286
15514,106.3830032,1.70E-07,0.450775,-7546017286
15515,106.6669998,3.00E-07,0.45350099,-7546017286
15516,106.9520035,2.80E-07,0.45592001,-7546017286
15517,107.2389984,1.20E-07,0.45561901,-7546017286
15518,107.5270004,2.00E-08,0.45914099,-7546017286
15519,107.8170013,1.50E-07,0.45901799,-7546017286
15520,108.1080017,2.80E-07,0.45402899,-7546017286
15521,108.401001,2.60E-07,0.45519999,-7546017286
15522,108.6959992,3.80E-07,0.45768601,-7546017286
15523,108.9919968,1.19E-06,0.45201299,-7546017286
15524,109.2900009,4.09E-06,0.44977799,-7546017286
15525,109.5889969,9.33E-06,0.450995,-7546017286
15526,109.8899994,1.51E-05,0.44514999,-7546017286
15527,110.1930008,2.14E-05,0.44295299,-7546017286
15528,110.4970017,3.64E-05,0.445748,-7546017286
15529,110.8030014,5.79E-05,0.441609,-7546017286
15530,111.1110001,8.40E-05,0.43860999,-7546017286
15531,111.4209976,0.00012263,0.44206899,-7546017286
15532,111.7320023,0.00018583,0.43767199,-7546017286
15533,112.0449982,0.00025061,0.43332401,-7546017286
15534,112.3600006,0.00032732,0.43609101,-7546017286
15535,112.6760025,0.00042359,0.43265799,-7546017286
15536,112.9940033,0.00056377,0.426907,-7546017286
15537,113.314003,0.00074472,0.42705801,-7546017286
15538,113.6360016,0.00100742,0.422077,-7546017286
15539,113.9599991,0.00129182,0.413699,-7546017286
15540,114.2860031,0.00148854,0.41208801,-7546017286
15541,114.612999,0.00164058,0.40917501,-7546017286
15542,114.9430008,0.0019235,0.401063,-7546017286
15543,115.2740021,0.00225064,0.39728701,-7546017286
15544,115.6070023,0.00245514,0.39353999,-7546017286
15545,115.9420013,0.00260314,0.38430601,-7546017286
15546,116.2789993,0.00290209,0.37917399,-7546017286
15547,116.6179962,0.00331417,0.37625599,-7546017286
15548,116.9589996,0.00389644,0.367713,-7546017286
15549,117.302002,0.00460337,0.361588,-7546017286
15550,117.6470032,0.00520291,0.35832199,-7546017286
15551,117.9940033,0.00591098,0.34884,-7546017286
15552,118.3430023,0.00694402,0.340148,-7546017286
15553,118.6940002,0.00815097,0.33493999,-7546017286
15554,119.0479965,0.00955558,0.32430899,-7546017286
15555,119.4029999,0.0112793,0.31322199,-7546017286
15556,119.7600021,0.0129742,0.30562499,-7546017286
15557,120.1200028,0.0149096,0.29358801,-7546017286
15558,120.4820023,0.0175564,0.27990499,-7546017286
15559,120.8460007,0.0205002,0.26900601,-7546017286
15560,121.211998,0.0236869,0.25519601,-7546017286
15561,121.5810013,0.0275294,0.239686,-7546017286
15562,121.9509964,0.0317968,0.226569,-7546017286
15563,122.3239975,0.0366715,0.21142399,-7546017286
15564,122.6989975,0.0427702,0.19412299,-7546017286
15565,123.0770035,0.0496095,0.178874,-7546017286
15566,123.4570007,0.0567781,0.16328,-7546017286
15567,123.8389969,0.065691,0.146036,-7546017286
15568,124.223999,0.0763843,0.130748,-7546017286
15569,124.6110001,0.0872218,0.116502,-7546017286
15570,125,0.0996466,0.101429,-7546017286
15571,125.3919983,0.114529,0.087673,-7546017286
15572,125.7860031,0.129435,0.0752222,-7546017286
15573,126.1829987,0.14643399,0.0630799,-7546017286
15574,126.5820007,0.16654401,0.052714,-7546017286
15575,126.9840012,0.18535601,0.0439155,-7546017286
15576,127.3889999,0.205597,0.0355836,-7546017286
15577,127.7959976,0.23049299,0.0284683,-7546017286
15578,128.2050018,0.25286201,0.0227364,-7546017286
15579,128.6170044,0.27460501,0.0176269,-7546017286
15580,129.0319977,0.301586,0.0135389,-7546017286
15581,129.449997,0.32426101,0.0107274,-7546017286
15582,129.8699951,0.343256,0.00872007,-7546017286
15583,130.2929993,0.367845,0.00730932,-7546017286
15584,130.7189941,0.38862899,0.00653528,-7546017286
15585,131.147995,0.403465,0.00623437,-7546017286
15586,131.5789948,0.422941,0.00607881,-7546017286
15587,132.0130005,0.437648,0.00608448,-7546017286
15588,132.449997,0.441607,0.00617388,-7546017286
15589,132.8899994,0.448333,0.00630913,-7546017286
15590,133.3329926,0.45416099,0.00649564,-7546017286
15591,133.779007,0.450629,0.00655158,-7546017286
15592,134.2279968,0.45038,0.0064134,-7546017286
15593,134.6799927,0.453477,0.00616954,-7546017286
15594,135.1349945,0.45051,0.00583824,-7546017286
15595,135.5930023,0.452333,0.00544316,-7546017286
15596,136.0540009,0.463038,0.00508928,-7546017286
15597,136.5189972,0.46823901,0.00475427,-7546017286
15598,136.9859924,0.47392401,0.00432618,-7546017286
15599,137.4570007,0.48886296,0.00390367,-7546017286
15600,137.9309845,0.49674699,0.00348306,-7546017286
15601,138.4080048,0.49892801,0.00297993,-7546017286
15602,138.8890076,0.50808299,0.00253829,-7546017286
15603,139.3730011,0.510638,0.0022366,-7546017286
15604,139.8600006,0.50747198,0.00192585,-7546017286
15605,140.3509979,0.51413298,0.00159185,-7546017286
15606,140.8450012,0.517551,0.0013164,-7546017286
15607,141.3430023,0.513237,0.00105967,-7546017286
15608,141.8439941,0.51783597,0.00083636,-7546017286
15609,142.348999,0.52181,0.0006717,-7546017286
15610,142.8569946,0.51714599,0.00053865,-7546017286
15611,143.3690033,0.52002198,0.00043019,-7546017286
15612,143.8849945,0.52456301,0.00035439,-7546017286
15613,144.404007,0.52024502,0.00028647,-7546017286
15614,144.9279938,0.52157599,0.00021861,-7546017286
15615,145.4550018,0.527749,0.00016899,-7546017286
15616,145.9850006,0.52654999,0.00013475,-7546017286
15617,146.5200043,0.52833998,0.00010513,-7546017286
15618,147.0590057,0.53533798,8.32E-05,-7546017286
15619,147.6009979,0.53471202,6.48E-05,-7546017286
15620,148.147995,0.53520203,4.72E-05,-7546017286
15621,148.6990051,0.54342002,3.55E-05,-7546017286
15622,149.2539978,0.54350102,2.90E-05,-7546017286
15623,149.8130035,0.54052699,2.25E-05,-7546017286
15624,150.3760071,0.54661399,1.72E-05,-7546017286
15625,150.9429932,0.54665405,1.46E-05,-7546017286
15626,151.5149994,0.540914,1.19E-05,-7546017286
15627,152.0910034,0.54505998,9.26E-06,-7546017286
15628,152.6719971,0.54570198,7.79E-06,-7546017286
15629,153.2570038,0.53932905,6.37E-06,-7546017286
15630,153.845993,0.54325902,4.84E-06,-7546017286
15631,154.4400024,0.546314,4.08E-06,-7546017286
15632,155.0390015,0.54056406,3.30E-06,-7546017286
15633,155.6419983,0.54274702,2.32E-06,-7546017286
15634,156.25,0.54467201,1.90E-06,-7546017286
15635,156.8630066,0.53633797,1.73E-06,-7546017286
15636,157.4799957,0.53563899,1.35E-06,-7546017286
15637,158.1029968,0.53807801,1.10E-06,-7546017286
15638,158.7299957,0.52959198,9.50E-07,-7546017286
15639,159.3630066,0.52424598,7.10E-07,-7546017286
15640,160,0.524885,5.70E-07,-7546017286
15641,160.6430054,0.51685399,5.30E-07,-7546017286
15642,161.2899933,0.509749,3.90E-07,-7546017286
15643,161.9429932,0.51086098,3.00E-07,-7546017286
15644,162.602005,0.50627798,2.80E-07,-7546017286
15645,163.2649994,0.49976504,2.20E-07,-7546017286
15646,163.9340057,0.50155997,1.60E-07,-7546017286
15647,164.6089935,0.49832201,1.60E-07,-7546017286
15648,165.2890015,0.48974499,1.50E-07,-7546017286
15649,165.9750061,0.48923299,1.00E-07,-7546017286
15650,166.6670075,0.48503301,1.00E-07,-7546017286
15651,167.3639984,0.47385001,1.00E-07,-7546017286
15652,168.0670013,0.47147304,7.00E-08,-7546017286
15653,168.776001,0.47070104,6.00E-08,-7546017286
15654,169.4920044,0.46057999,7.00E-08,-7546017286
15655,170.2129974,0.457268,8.00E-08,-7546017286
15656,170.9400024,0.457957,9.00E-08,-7546017286
15657,171.673996,0.45065799,9.00E-08,-7546017286
15658,172.4140015,0.449159,7.00E-08,-7546017286
15659,173.1600037,0.45230901,6.00E-08,-7546017286
15660,173.9129944,0.446053,5.00E-08,-7546017286
15661,174.6719971,0.442808,4.00E-08,-7546017286
15662,175.4389954,0.44540599,4.00E-08,-7546017286
15663,176.2109985,0.44092599,3.00E-08,-7546017286
15664,176.9909973,0.43827701,3.00E-08,-7546017286
15665,177.7779999,0.44116399,2.00E-08,-7546017286
15666,178.5709992,0.435159,2.00E-08,-7546017286
15667,179.371994,0.42974699,2.00E-08,-7546017286
15668,180.1799927,0.43280104,2.00E-08,-7546017286
15669,180.9949951,0.43252504,2.00E-08,-7546017286
15670,181.8179932,0.43056101,1.00E-08,-7546017286
15671,182.647995,0.43665501,1.00E-08,-7546017286
15672,183.4859924,0.439237,1.00E-08,-7546017286
15673,184.3320007,0.43325201,1.00E-08,-7546017286
15674,185.1849976,0.43345299,1.00E-08,-7546017286
15675,186.0469971,0.43522099,1.00E-08,-7546017286
15676,186.9160004,0.43282199,1.00E-08,-7546017286
15677,187.7929993,0.434708,0,-7546017286
15678,188.6790009,0.43583199,0,-7546017286
15679,189.5729981,0.42870399,0,-7546017286
15680,190.4759979,0.424391,0,-7546017286
15681,191.3880005,0.42263001,0,-7546017286
15682,192.3079987,0.415795,0,-7546017286
15683,193.2369995,0.41019899,0,-7546017286
15684,194.1750031,0.40483102,0,-7546017286
15685,195.121994,0.38942599,0,-7546017286
15686,196.0780029,0.37482399,0,-7546017286
15687,197.0440064,0.36730301,0,-7546017286
15688,198.0200043,0.35567704,0,-7546017286
15689,199.0050049,0.34236601,0,-7546017286
15690,200,0.33300799,0,-7546017286
15691,201.0050049,0.314394,0,-7546017286
15692,202.0200043,0.294157,0,-7546017286
15693,203.0460053,0.281663,0,-7546017286
15694,204.0820007,0.26442,0,-7546017286
15695,205.128006,0.241459,0,-7546017286
15696,206.1860046,0.22509301,0,-7546017286
15697,207.2539978,0.206788,0,-7546017286
15698,208.3329926,0.181573,0,-7546017286
15699,209.423996,0.164831,0,-7546017286
15700,210.526001,0.150374,0,-7546017286
15701,211.6399994,0.135176,0,-7546017286
15702,212.7660065,0.12154,0,-7546017286
15703,213.904007,0.107791,0,-7546017286
15704,215.0540009,0.0935674,0,-7546017286
15705,216.2160034,0.0824636,0,-7546017286
15706,217.3910065,0.0728849,0,-7546017286
15707,218.5789948,0.0633384,0,-7546017286
15708,219.7799988,0.05541511,0,-7546017286
15709,220.9940033,0.0483053,0,-7546017286
15710,222.2220001,0.0416941,0,-7546017286
15711,223.4640045,0.0369463,0,-7546017286
15712,224.7189941,0.0329053,0,-7546017286
15713,225.9889984,0.0283741,0,-7546017286
15714,227.272995,0.0246204,0,-7546017286
15715,228.5709992,0.0218736,0,-7546017286
15716,229.8849945,0.0189894,0,-7546017286
15717,231.2140045,0.0162381,0,-7546017286
15718,232.5579987,0.014224,0,-7546017286
15719,233.9179993,0.0124761,0,-7546017286
15720,235.2940064,0.0110169,0,-7546017286
15721,236.6860046,0.00981079,0,-7546017286
15722,238.0950012,0.00872457,0,-7546017286
15723,239.5209961,0.00768624,0,-7546017286
15724,240.9640045,0.0069621,0,-7546017286
15725,242.423996,0.00621258,0,-7546017286
15726,243.9019928,0.00530756,0,-7546017286
15727,245.3990021,0.00483532,0,-7546017286
15728,246.9140015,0.00441655,0,-7546017286
15729,248.4470062,0.0038256,0,-7546017286
15730,250,0.00342918,0,-7546017286
15731,251.5720062,0.0031164,0,-7546017286
15732,253.1649933,0.00277419,0,-7546017286
15733,254.7769928,0.00250796,0,-7546017286
15734,256.4100037,0.00230413,0,-7546017286
15735,258.0650024,0.00206978,0,-7546017286
15736,259.7399902,0.00185783,0,-7546017286
15737,261.4379883,0.00168116,0,-7546017286
15738,263.1579895,0.00145605,0,-7546017286
15739,264.901001,0.00126254,0,-7546017286
15740,266.6669922,0.00112912,0,-7546017286
15741,268.4559937,0.00097359,0,-7546017286
15742,270.269989,0.00081336,0,-7546017286
15743,272.1090088,0.00072127,0,-7546017286
15744,273.9729919,0.00063252,0,-7546017286
15745,275.861969,0.00053691,0,-7546017286
15746,277.7780151,0.00049024,0,-7546017286
15747,279.7200012,0.00046033,0,-7546017286
15748,281.6900024,0.00040433,0,-7546017286
15749,283.6879883,0.00035774,0,-7546017286
15750,285.7139893,0.00032542,0,-7546017286
15751,287.769989,0.0002766,0,-7546017286
15752,289.855011,0.0002229,0,-7546017286
15753,291.9710083,0.00019509,0,-7546017286
15754,294.1180115,0.00015704,0,-7546017286
15755,296.29599,0.00013147,0,-7546017286
15756,298.5069885,0.00014975,0,-7546017286
15757,300.7520142,0.00016336,0,-7546017286
15758,303.0299988,0.00016067,0,-7546017286
15759,305.3439941,0.00016665,0,-7546017286
15760,307.6919861,0.00015507,0,-7546017286
15761,310.0780029,0.00013104,0,-7546017286
15762,312.5,0.00012973,0,-7546017286
15763,314.9609985,0.00012624,0,-7546017286
15764,317.4599915,0.00011063,0,-7546017286
15765,320,0.00010814,0,-7546017286
15766,322.5809937,9.92E-05,0,-7546017286
15767,325.2030029,7.56E-05,0,-7546017286
15768,327.868988,6.44E-05,0,-7546017286
15769,330.57901,5.62E-05,0,-7546017286
15770,333.3329773,4.00E-05,0,-7546017286
15771,336.1340027,3.86E-05,0,-7546017286
15772,338.9830017,4.77E-05,1.00E-08,-7546017286
15773,341.8800049,4.67E-05,1.00E-08,-7546017286
15774,344.8280029,5.21E-05,0,-7546017286
15775,347.8259888,7.11E-05,0,-7546017286
15776,350.8770142,8.97E-05,0,-7546017286
15777,353.9819946,0.00010869,0,-7546017286
15778,357.1430054,0.00012698,0,-7546017286
15779,360.3599854,0.00011843,0,-7546017286
15780,363.6359863,9.18E-05,0,-7546017286
15781,366.9719849,7.43E-05,0,-7546017286
15782,370.3699951,4.79E-05,0,-7546017286
15783,373.8320007,1.34E-05,0,-7546017286
15784,377.3580017,2.05E-06,0,-7546017286
15785,380.9519959,1.90E-06,0,-7546017286
15786,384.6149902,1.83E-06,0,-7546017286
15787,388.3500061,1.86E-06,0,-7546017286
15788,392.1570129,1.85E-05,0,-7546017286
15789,396.0400085,3.20E-05,0,-7546017286
15790,400,5.23E-05,0,-7546017286
15791,404.0400085,7.51E-05,0,-7546017286
15792,408.1629944,7.99E-05,0,-7546017286
15793,412.3710022,8.36E-05,0,-7546017286
15794,416.6670227,8.99E-05,0,-7546017286
15795,421.053009,7.55E-05,0,-7546017286
15796,425.5320129,6.30E-05,0,-7546017286
15797,430.1080017,6.17E-05,0,-7546017286
15798,434.7829895,4.21E-05,0,-7546017286
15799,439.5599976,2.32E-05,0,-7546017286
15800,444.4440002,2.43E-05,0,-7546017286
15801,449.4379883,2.11E-05,0,-7546017286
15802,454.5450134,2.85E-05,0,-7546017286
15803,459.769989,7.05E-05,0,-7546017286
15804,465.1159973,0.00010257,0,-7546017286
15805,470.5880127,0.00011404,0,-7546017286
15806,476.1900024,0.000157,0,-7546017286
15807,481.928009,0.00018081,0,-7546017286
15808,487.8049927,0.00018421,0,-7546017286
15809,493.8269959,0.00024523,0,-7546017286
15810,500,0.00028281,0,-7546017286
